127.0.0.1,/site/article.php?name=1.txt,"23-09-20 07:06:04"
127.0.0.1,/site/index.php,"23-09-20 07:06:05"
127.0.0.1,/site/article.php?name=3.txt,"23-09-20 07:06:06"
127.0.0.1,/site/index.php,"23-09-20 07:06:07"
127.0.0.1,/site/article.php?name=3.txt,"23-09-20 07:06:08"
127.0.0.1,/site/index.php,"23-09-20 07:06:08"
127.0.0.1,/site/article.php?name=2.txt,"23-09-20 07:06:09"
127.0.0.1,/site/index.php,"23-09-20 07:06:10"
127.0.0.1,/site/article.php?name=1.txt,"23-09-20 07:54:47"
127.0.0.1,/site/index.php,"23-09-20 07:54:50"
127.0.0.1,/site/article.php?name=2.txt,"23-09-20 07:54:51"
127.0.0.1,/site/index.php,"23-09-20 07:54:54"
127.0.0.1,/site/article.php?name=2.txt,"23-09-20 07:54:58"
127.0.0.1,/site/index.php,"23-09-20 07:55:04"
127.0.0.1,/site/article.php?name=3.txt,"23-09-20 07:55:05"
127.0.0.1,/site/index.php,"23-09-20 08:01:27"
127.0.0.1,/site/article.php?name=1.txt,"23-09-20 09:45:42"
